Reference,Prediction
Eşq şeirlərindən əlavə din və təsəvvüf ilə bağlı şeirləri də vardır., Eşk şerlerinden alabə dinvətə əvvif ilə bağlı şəyirləri devamdır.
Orta məktəbi bitirdikdən sonra Ukraynanın Lvov şəhərində hərbi xidmətdə olmuşdur.," Orta məkdəvdiyi bitirdikdən sonra, Ukra'yın alıbov şehrində, hər də hərdik hidmətdə olmuştur."
Hal hazırda Xəzər kanalında prodüser olaraq işinə davam edir., həzək kanalımda producer olaraq iş nə davam edir.
Təpə Antarktidada yerləşən Start burnunun adını daşıyır., Təqqə antarqcidədə yerleşənizdər kurununun adamı daşır.
Lənkəran şəhərində dəfn olunub., Lən kanan şəhəlində defnu.
Onların qalıqlarına Çin və Özbəkistan ərazilərində aşkarlanmışdır.," Oran qalgu arma, tüm nün özbək istələləz ələlələlələlələlələlələlələlələlələlələlələlələlələlələlələlələlələlələlələlələlələlələlələlələlələlələlələlələlələlələlələlələlələlələlələlələlələlələlələlələlələlələlələlələlələlələlələlələlələlələlələlələlələlələlələlələlələlələlələlələlələlələlələlələlələlələlələlələlələlələlələlələlələlələlələlələlələlələlələlələlələlələlələlələlələlələlələlələlələlələlələlələlələlələlələlələlələlələlələlələlələlələlələlələlələl"
Ətrafdakı ərazilərlə müqayisədə dumanlı və qar örtüyü olan günlərin sayı daha çoxdur., Etrafdaki ərazi gəllə müqaisətə dumanlı və qarq rufküyü olan günlərin sayıq daha çoxdur.
Yeni Azərbaycan Partiyasının fəal üzvüdür., Yenəzər bacın partisini fəal özür dür.
Qədim alban tarixinin izləri bu ərazidə bir çox yerlərdə var.," Hətin albant hərətini izlərəkdir, əizətəlik çox yələrəkdir."
Kəndin yerində müasir qəsəbənin inşası planlaşdırılırdı., Kəndin yerində muğasır kəsəbəni nişasır planlaşdırırdı.
Sakinlər tarixi abidələrə çox həssaslıqla yanaşırlar., Takinlər tarıqa abidənərə çox asıl aya maşıl.
Rusiyaya qayıtdıqdan sonra teatr və kino sahəsində çalışmışdır.," Lusiyyə qaritək tən sara tələtir və ki, nəsə nəsə mətə cəlashmıştır."
Papanın xahişini qəbul edən Attila geri döndü., Papanın haşqin qəbələlindən atillə geri döndü.
İdman həyatı başa çatdıqdan sonra Torpe ailəsini saxlamaq üçün çalışmışdır.," İdimən həyatı para çatlıqdan sunra, torpe, ələslən səxma mənl üçün, çalışmışdır."
Jurnalistlər hekayələrinin əyləncəli hala gəlməsinə səbəb olan müəyyən bir məsələdə faktlar ata bilərlər., Uzunaristər hikayələrinin ələncələ hala gelmesin səbib olamayın bir məsələdə faktar atablərlər.
Onu Ran Min adlı qardaşlığı öldürmüşdü., Onuram min adı gardaşlızı öldürmüştü.
Yarada iki əsas dəyişiklik baş verir., Yarabda 2 səste əşitlik başverir.
Komsomol gölü yaxınlığında yerləşən mərkəzdən kifayət qədər aralıda yerləşir., Kəm səmog dəliyyə həngolanda yədə şənmər çəzdən fət qədər ərdaliyyədə şət.
Film iki seriyadan ibarətdir., Firm iqasiyeliyada nibbaraq tır.
Bunun səbəbləri müxtəlifdir., Pının savablar məqtəlif tərh.
Bəyazid taxta keçdikdən sonra İshaq Paşanı yenidən sədrəzəm seçdi.," Pəyazit təqq təqqə çəştəsindir əsondur, əsqq pəxana jə nədən sədra zəmcə etsəti."
Salar təxəllüsü ilə ruh aləminə uyğun şeirlər yazırdı., Salartıq həl usilə ruhu aləm nə Əgun şerləri yazırdı.
Cavabında kazaklar narazı şəxsləri quyuya ataraq öldürdülər., Cevabında kazaklar narazıf əsləri kuyuya atarak öldüldü ələr.
Netflix nədir?, Nətliks nədir?
Müsabiqədən sonra onu artıq hamı tanımağa başlayır., Müsaabil qədən sonra onu artıq hamı tanılmaqa başlayır.
İnsanlar və heyvanların bitkilərlə zəhərlənməsi müxtəlif səbəblərdən baş verə bilər., İnsanlar ve heyvanların bizkilerle zaharlenmesi muhtölüf zablardan baş verebler.
Həmin il Yaponiya Misirin müstəqilliyini tanımışdır., Həmin ili yakonyan misirin müstəkiliğini tanımıştır.
Beş uşaq atası idi., Pəş uşaqat alsyətə.
Film Türkiyə yazıçısı Nazim Hikmətin eyniadlı əsərinin motivləri əsasında yaradılmışdır., Filim tülçeyi yazıtsın Nazim Hicmetin yeni adlı eserinin otikları əsasında yanadılmışdır.
Yuxarı axarlarda bataqlaşmış ərazidən axır və suyu dayaz olur., Yuxarı əkharlardə patə qlaşmış əraz dən əxar və suyu dəyəz olur.
Ölkə ərazisindən axan Niger çayının adı ilə adlanır., Öl çəra əsində əxanni jətainin adilə adlanır.
Elə orta məktəbi də həmin kənddə bitirib., Elə ortam əşdə bir də həmin çəfdə bitirib.
Daha sonra həmin məktəbin direktoru olur., Daha sonra həmin məçtəbin direktora oldu.
Atası qızına mükəmməl təhsil vermək arzusunda idi., Atası gızına mükemmel təhsil vermek arzusamda idi.
Turizm qoruq ətrafındakı bütün ərazilərin inkişafının əsas sahəsidir., Turizm koruk etrafım daçı bütün arazillerin çişafının esas sahəsidir.
Hər yeddi ildən bir keçirilir., Hər yetəyildən bir çəsirilir.
Qrup artıq fəaliyyətini dayandırmışdır., Kuru pardak fəyəliyyətini dayandırmışdır.
İyunun əvvəlində çiçəkləyir., Yonlan evvelində cəhləyiz.
Bundan sonra isə körpü bərpa edilməmişdir., Pundan sonra ise çörüpü berpı edilmemiştir.
Dinozavrlar arasında ən uzun boyuna malik imiş., İnazavirdayarasında en uzun boyuna maliçmiş.
Qurultayda Azərbaycanın bütün bölgələrini və tədris müəssisələrini təmsil edən nümayəndələr iştirak edirdilər.," Kurul Tayda, Zaribacan'ın bütün bölçilerini və tədiris məsələni, təmzələ nümainlər əşirə çedirdilər."
Ölkə müsabiqədə iştirak etdiyi illər ərzində heç vaxt qalib olmamışdır.," Ölküm sabqya deşitrak etdiyirlər ərsində, həçvah kalib olmamışdır."
Ortada qalan meydançanın iki tərəfini tağlar və onların arxasında yerləşən otaqlar təşkil edir., Orta da qalan medançanın iki tarafını taqlar və onların arasında yerləşən ataqlar teşkilidir.
Dəmirçilər Tərtər rayonunun eyniadlı inzibati ərazi vahidində kənd., Də müşilər tərtən rayonunun eynə adlı inzıbaka əraisi vahidində kəndi.
Mağaraların girəcəyində aşkar edilmiş mədəni təbəqə qalıqları onların qədim insan məskənləri olduğunu göstərir., Maharaların girecəyində aşqar edinmişmədəni təbəkə qaldları onların qədim insan meskəyənləri olduğunu göstərir.
İlk işi Şabran şəhərini ələ keçirmək oldu., İlk kişi şabran şərinələ keçirimək oldu.
Əli Amir uşaq yaşlarında ailəsi ilə birlikdə İsrailə köç edib.," Ali Amir, uşak yaşlarında, ailəsi ilə birlikdə İsrailə köç edib."
Kanalda İngilis və İspan dillərdə proqramlar nümayiş olunur.," Kanalda, İngiliz və İspandiller də programlər mümayiş olunur."
Təhsilini davam etdirmək istəsə də mümkün olmayıb.," Təxsilini, davam, etdirmək istəsədə mümkün olmayıb."
Cənubi Koreyada., Çanubi koreyada.
